Winner,Loser,Date
Cleveland Cavaliers,Washington Wizards,Tue Oct 30 2012
Dallas Mavericks,Los Angeles Lakers,Tue Oct 30 2012
Miami Heat,Boston Celtics,Tue Oct 30 2012
Chicago Bulls,Sacramento Kings,Wed Oct 31 2012
Houston Rockets,Detroit Pistons,Wed Oct 31 2012
Los Angeles Clippers,Memphis Grizzlies,Wed Oct 31 2012
San Antonio Spurs,New Orleans Hornets,Wed Oct 31 2012
Philadelphia 76ers,Denver Nuggets,Wed Oct 31 2012
Golden State Warriors,Phoenix Suns,Wed Oct 31 2012
Portland Trail Blazers,Los Angeles Lakers,Wed Oct 31 2012
Indiana Pacers,Toronto Raptors,Wed Oct 31 2012
Utah Jazz,Dallas Mavericks,Wed Oct 31 2012
San Antonio Spurs,Oklahoma City Thunder,Thu Nov 1 2012
Houston Rockets,Atlanta Hawks,Fri Nov 2 2012
Milwaukee Bucks,Boston Celtics,Fri Nov 2 2012
Charlotte Bobcats,Indiana Pacers,Fri Nov 2 2012
Chicago Bulls,Cleveland Cavaliers,Fri Nov 2 2012
Memphis Grizzlies,Golden State Warriors,Fri Nov 2 2012
Los Angeles Clippers,Los Angeles Lakers,Fri Nov 2 2012
Minnesota Timberwolves,Sacramento Kings,Fri Nov 2 2012
New Orleans Hornets,Utah Jazz,Fri Nov 2 2012
New York Knicks,Miami Heat,Fri Nov 2 2012
Oklahoma City Thunder,Portland Trail Blazers,Fri Nov 2 2012
Orlando Magic,Denver Nuggets,Fri Nov 2 2012
Phoenix Suns,Detroit Pistons,Fri Nov 2 2012
Brooklyn Nets,Toronto Raptors,Sat Nov 3 2012
New Orleans Hornets,Chicago Bulls,Sat Nov 3 2012
Dallas Mavericks,Charlotte Bobcats,Sat Nov 3 2012
Portland Trail Blazers,Houston Rockets,Sat Nov 3 2012
Indiana Pacers,Sacramento Kings,Sat Nov 3 2012
Golden State Warriors,Los Angeles Clippers,Sat Nov 3 2012
Miami Heat,Denver Nuggets,Sat Nov 3 2012
Milwaukee Bucks,Cleveland Cavaliers,Sat Nov 3 2012
San Antonio Spurs,Utah Jazz,Sat Nov 3 2012
Boston Celtics,Washington Wizards,Sat Nov 3 2012
Los Angeles Lakers,Detroit Pistons,Sun Nov 4 2012
New York Knicks,Philadelphia 76ers,Sun Nov 4 2012
Atlanta Hawks,Oklahoma City Thunder,Sun Nov 4 2012
Orlando Magic,Phoenix Suns,Sun Nov 4 2012
Toronto Raptors,Minnesota Timberwolves,Sun Nov 4 2012
Minnesota Timberwolves,Brooklyn Nets,Mon Nov 5 2012
Dallas Mavericks,Portland Trail Blazers,Mon Nov 5 2012
Cleveland Cavaliers,Los Angeles Clippers,Mon Nov 5 2012
Memphis Grizzlies,Utah Jazz,Mon Nov 5 2012
Miami Heat,Phoenix Suns,Mon Nov 5 2012
New York Knicks,Philadelphia 76ers,Mon Nov 5 2012
Sacramento Kings,Golden State Warriors,Mon Nov 5 2012
San Antonio Spurs,Indiana Pacers,Mon Nov 5 2012
Chicago Bulls,Orlando Magic,Tue Nov 6 2012
Denver Nuggets,Detroit Pistons,Tue Nov 6 2012
Oklahoma City Thunder,Toronto Raptors,Tue Nov 6 2012
Atlanta Hawks,Indiana Pacers,Wed Nov 7 2012
Boston Celtics,Washington Wizards,Wed Nov 7 2012
Phoenix Suns,Charlotte Bobcats,Wed Nov 7 2012
Dallas Mavericks,Toronto Raptors,Wed Nov 7 2012
Golden State Warriors,Cleveland Cavaliers,Wed Nov 7 2012
Denver Nuggets,Houston Rockets,Wed Nov 7 2012
Los Angeles Clippers,San Antonio Spurs,Wed Nov 7 2012
Miami Heat,Brooklyn Nets,Wed Nov 7 2012
Memphis Grizzlies,Milwaukee Bucks,Wed Nov 7 2012
Minnesota Timberwolves,Orlando Magic,Wed Nov 7 2012
Philadelphia 76ers,New Orleans Hornets,Wed Nov 7 2012
Sacramento Kings,Detroit Pistons,Wed Nov 7 2012
Utah Jazz,Los Angeles Lakers,Wed Nov 7 2012
Oklahoma City Thunder,Chicago Bulls,Thu Nov 8 2012
Los Angeles Clippers,Portland Trail Blazers,Thu Nov 8 2012
Miami Heat,Atlanta Hawks,Fri Nov 9 2012
Philadelphia 76ers,Boston Celtics,Fri Nov 9 2012
Denver Nuggets,Utah Jazz,Fri Nov 9 2012
Los Angeles Lakers,Golden State Warriors,Fri Nov 9 2012
Memphis Grizzlies,Houston Rockets,Fri Nov 9 2012
Minnesota Timberwolves,Indiana Pacers,Fri Nov 9 2012
New Orleans Hornets,Charlotte Bobcats,Fri Nov 9 2012
New York Knicks,Dallas Mavericks,Fri Nov 9 2012
Oklahoma City Thunder,Detroit Pistons,Fri Nov 9 2012
Brooklyn Nets,Orlando Magic,Fri Nov 9 2012
Phoenix Suns,Cleveland Cavaliers,Fri Nov 9 2012
San Antonio Spurs,Sacramento Kings,Fri Nov 9 2012
Milwaukee Bucks,Washington Wizards,Fri Nov 9 2012
Charlotte Bobcats,Dallas Mavericks,Sat Nov 10 2012
Chicago Bulls,Minnesota Timberwolves,Sat Nov 10 2012
Denver Nuggets,Golden State Warriors,Sat Nov 10 2012
Houston Rockets,Detroit Pistons,Sat Nov 10 2012
Indiana Pacers,Washington Wizards,Sat Nov 10 2012
Boston Celtics,Milwaukee Bucks,Sat Nov 10 2012
San Antonio Spurs,Portland Trail Blazers,Sat Nov 10 2012
Philadelphia 76ers,Toronto Raptors,Sat Nov 10 2012
Utah Jazz,Phoenix Suns,Sat Nov 10 2012
Brooklyn Nets,Orlando Magic,Sun Nov 11 2012
Los Angeles Clippers,Atlanta Hawks,Sun Nov 11 2012
Los Angeles Lakers,Sacramento Kings,Sun Nov 11 2012
Memphis Grizzlies,Miami Heat,Sun Nov 11 2012
Oklahoma City Thunder,Cleveland Cavaliers,Sun Nov 11 2012
Boston Celtics,Chicago Bulls,Mon Nov 12 2012
Minnesota Timberwolves,Dallas Mavericks,Mon Nov 12 2012
Oklahoma City Thunder,Detroit Pistons,Mon Nov 12 2012
Miami Heat,Houston Rockets,Mon Nov 12 2012
Milwaukee Bucks,Philadelphia 76ers,Mon Nov 12 2012
Phoenix Suns,Denver Nuggets,Mon Nov 12 2012
Atlanta Hawks,Portland Trail Blazers,Mon Nov 12 2012
Utah Jazz,Toronto Raptors,Mon Nov 12 2012
Brooklyn Nets,Cleveland Cavaliers,Tue Nov 13 2012
Charlotte Bobcats,Washington Wizards,Tue Nov 13 2012
Toronto Raptors,Indiana Pacers,Tue Nov 13 2012
San Antonio Spurs,Los Angeles Lakers,Tue Nov 13 2012
New York Knicks,Orlando Magic,Tue Nov 13 2012
Portland Trail Blazers,Sacramento Kings,Tue Nov 13 2012
Boston Celtics,Utah Jazz,Wed Nov 14 2012
Dallas Mavericks,Washington Wizards,Wed Nov 14 2012
Golden State Warriors,Atlanta Hawks,Wed Nov 14 2012
Houston Rockets,New Orleans Hornets,Wed Nov 14 2012
Los Angeles Clippers,Miami Heat,Wed Nov 14 2012
Milwaukee Bucks,Indiana Pacers,Wed Nov 14 2012
Charlotte Bobcats,Minnesota Timberwolves,Wed Nov 14 2012
Memphis Grizzlies,Oklahoma City Thunder,Wed Nov 14 2012
Detroit Pistons,Philadelphia 76ers,Wed Nov 14 2012
Chicago Bulls,Phoenix Suns,Wed Nov 14 2012
Brooklyn Nets,Boston Celtics,Thu Nov 15 2012
Miami Heat,Denver Nuggets,Thu Nov 15 2012
New York Knicks,San Antonio Spurs,Thu Nov 15 2012
Orlando Magic,Detroit Pistons,Fri Nov 16 2012
Indiana Pacers,Dallas Mavericks,Fri Nov 16 2012
Los Angeles Lakers,Phoenix Suns,Fri Nov 16 2012
Memphis Grizzlies,New York Knicks,Fri Nov 16 2012
Golden State Warriors,Minnesota Timberwolves,Fri Nov 16 2012
Oklahoma City Thunder,New Orleans Hornets,Fri Nov 16 2012
Philadelphia 76ers,Utah Jazz,Fri Nov 16 2012
Portland Trail Blazers,Houston Rockets,Fri Nov 16 2012
Atlanta Hawks,Sacramento Kings,Fri Nov 16 2012
Boston Celtics,Toronto Raptors,Sat Nov 17 2012
Memphis Grizzlies,Charlotte Bobcats,Sat Nov 17 2012
Dallas Mavericks,Cleveland Cavaliers,Sat Nov 17 2012
Los Angeles Clippers,Chicago Bulls,Sat Nov 17 2012
Milwaukee Bucks,New Orleans Hornets,Sat Nov 17 2012
Miami Heat,Phoenix Suns,Sat Nov 17 2012
San Antonio Spurs,Denver Nuggets,Sat Nov 17 2012
Utah Jazz,Washington Wizards,Sat Nov 17 2012
Detroit Pistons,Boston Celtics,Sun Nov 18 2012
Los Angeles Lakers,Houston Rockets,Sun Nov 18 2012
New York Knicks,Indiana Pacers,Sun Nov 18 2012
Oklahoma City Thunder,Golden State Warriors,Sun Nov 18 2012
Philadelphia 76ers,Cleveland Cavaliers,Sun Nov 18 2012
Portland Trail Blazers,Chicago Bulls,Sun Nov 18 2012
Brooklyn Nets,Sacramento Kings,Sun Nov 18 2012
Toronto Raptors,Orlando Magic,Sun Nov 18 2012
Atlanta Hawks,Orlando Magic,Mon Nov 19 2012
Charlotte Bobcats,Milwaukee Bucks,Mon Nov 19 2012
Golden State Warriors,Dallas Mavericks,Mon Nov 19 2012
Denver Nuggets,Memphis Grizzlies,Mon Nov 19 2012
Los Angeles Clippers,San Antonio Spurs,Mon Nov 19 2012
Utah Jazz,Houston Rockets,Mon Nov 19 2012
Indiana Pacers,Washington Wizards,Mon Nov 19 2012
Los Angeles Lakers,Brooklyn Nets,Tue Nov 20 2012
New York Knicks,New Orleans Hornets,Tue Nov 20 2012
Philadelphia 76ers,Toronto Raptors,Tue Nov 20 2012
Atlanta Hawks,Washington Wizards,Wed Nov 21 2012
San Antonio Spurs,Boston Celtics,Wed Nov 21 2012
Charlotte Bobcats,Toronto Raptors,Wed Nov 21 2012
Cleveland Cavaliers,Philadelphia 76ers,Wed Nov 21 2012
Dallas Mavericks,New York Knicks,Wed Nov 21 2012
Golden State Warriors,Brooklyn Nets,Wed Nov 21 2012
Houston Rockets,Chicago Bulls,Wed Nov 21 2012
Indiana Pacers,New Orleans Hornets,Wed Nov 21 2012
Miami Heat,Milwaukee Bucks,Wed Nov 21 2012
Denver Nuggets,Minnesota Timberwolves,Wed Nov 21 2012
Oklahoma City Thunder,Los Angeles Clippers,Wed Nov 21 2012
Orlando Magic,Detroit Pistons,Wed Nov 21 2012
Phoenix Suns,Portland Trail Blazers,Wed Nov 21 2012
Sacramento Kings,Los Angeles Lakers,Wed Nov 21 2012
Boston Celtics,Oklahoma City Thunder,Fri Nov 23 2012
Brooklyn Nets,Los Angeles Clippers,Fri Nov 23 2012
Atlanta Hawks,Charlotte Bobcats,Fri Nov 23 2012
Denver Nuggets,Golden State Warriors,Fri Nov 23 2012
Detroit Pistons,Toronto Raptors,Fri Nov 23 2012
Houston Rockets,New York Knicks,Fri Nov 23 2012
San Antonio Spurs,Indiana Pacers,Fri Nov 23 2012
Memphis Grizzlies,Los Angeles Lakers,Fri Nov 23 2012
Orlando Magic,Cleveland Cavaliers,Fri Nov 23 2012
Phoenix Suns,New Orleans Hornets,Fri Nov 23 2012
Portland Trail Blazers,Minnesota Timberwolves,Fri Nov 23 2012
Utah Jazz,Sacramento Kings,Fri Nov 23 2012
Atlanta Hawks,Los Angeles Clippers,Sat Nov 24 2012
Los Angeles Lakers,Dallas Mavericks,Sat Nov 24 2012
Golden State Warriors,Minnesota Timberwolves,Sat Nov 24 2012
Miami Heat,Cleveland Cavaliers,Sat Nov 24 2012
Chicago Bulls,Milwaukee Bucks,Sat Nov 24 2012
Oklahoma City Thunder,Philadelphia 76ers,Sat Nov 24 2012
Sacramento Kings,Utah Jazz,Sat Nov 24 2012
Charlotte Bobcats,Washington Wizards,Sat Nov 24 2012
Brooklyn Nets,Portland Trail Blazers,Sun Nov 25 2012
Denver Nuggets,New Orleans Hornets,Sun Nov 25 2012
New York Knicks,Detroit Pistons,Sun Nov 25 2012
Boston Celtics,Orlando Magic,Sun Nov 25 2012
Philadelphia 76ers,Phoenix Suns,Sun Nov 25 2012
San Antonio Spurs,Toronto Raptors,Sun Nov 25 2012
Brooklyn Nets,New York Knicks,Mon Nov 26 2012
Milwaukee Bucks,Chicago Bulls,Mon Nov 26 2012
Detroit Pistons,Portland Trail Blazers,Mon Nov 26 2012
New Orleans Hornets,Los Angeles Clippers,Mon Nov 26 2012
Memphis Grizzlies,Cleveland Cavaliers,Mon Nov 26 2012
Oklahoma City Thunder,Charlotte Bobcats,Mon Nov 26 2012
Utah Jazz,Denver Nuggets,Mon Nov 26 2012
San Antonio Spurs,Washington Wizards,Mon Nov 26 2012
Phoenix Suns,Cleveland Cavaliers,Tue Nov 27 2012
Houston Rockets,Toronto Raptors,Tue Nov 27 2012
Indiana Pacers,Los Angeles Lakers,Tue Nov 27 2012
Philadelphia 76ers,Dallas Mavericks,Tue Nov 27 2012
Minnesota Timberwolves,Sacramento Kings,Tue Nov 27 2012
Atlanta Hawks,Charlotte Bobcats,Wed Nov 28 2012
Brooklyn Nets,Boston Celtics,Wed Nov 28 2012
Chicago Bulls,Dallas Mavericks,Wed Nov 28 2012
Detroit Pistons,Phoenix Suns,Wed Nov 28 2012
Los Angeles Clippers,Minnesota Timberwolves,Wed Nov 28 2012
Memphis Grizzlies,Toronto Raptors,Wed Nov 28 2012
New York Knicks,Milwaukee Bucks,Wed Nov 28 2012
Utah Jazz,New Orleans Hornets,Wed Nov 28 2012
Oklahoma City Thunder,Houston Rockets,Wed Nov 28 2012
San Antonio Spurs,Orlando Magic,Wed Nov 28 2012
Washington Wizards,Portland Trail Blazers,Wed Nov 28 2012
Golden State Warriors,Denver Nuggets,Thu Nov 29 2012
Miami Heat,San Antonio Spurs,Thu Nov 29 2012
Cleveland Cavaliers,Atlanta Hawks,Fri Nov 30 2012
Boston Celtics,Portland Trail Blazers,Fri Nov 30 2012
Philadelphia 76ers,Charlotte Bobcats,Fri Nov 30 2012
Los Angeles Lakers,Denver Nuggets,Fri Nov 30 2012
Memphis Grizzlies,Detroit Pistons,Fri Nov 30 2012
Minnesota Timberwolves,Milwaukee Bucks,Fri Nov 30 2012
New York Knicks,Washington Wizards,Fri Nov 30 2012
Oklahoma City Thunder,Utah Jazz,Fri Nov 30 2012
Brooklyn Nets,Orlando Magic,Fri Nov 30 2012
Indiana Pacers,Sacramento Kings,Fri Nov 30 2012
Toronto Raptors,Phoenix Suns,Fri Nov 30 2012
Chicago Bulls,Philadelphia 76ers,Sat Dec 1 2012
Portland Trail Blazers,Cleveland Cavaliers,Sat Dec 1 2012
Dallas Mavericks,Detroit Pistons,Sat Dec 1 2012
Golden State Warriors,Indiana Pacers,Sat Dec 1 2012
Houston Rockets,Utah Jazz,Sat Dec 1 2012
Los Angeles Clippers,Sacramento Kings,Sat Dec 1 2012
Miami Heat,Brooklyn Nets,Sat Dec 1 2012
Milwaukee Bucks,Boston Celtics,Sat Dec 1 2012
Oklahoma City Thunder,New Orleans Hornets,Sat Dec 1 2012
San Antonio Spurs,Memphis Grizzlies,Sat Dec 1 2012
Orlando Magic,Los Angeles Lakers,Sun Dec 2 2012
New York Knicks,Phoenix Suns,Sun Dec 2 2012
Portland Trail Blazers,Charlotte Bobcats,Mon Dec 3 2012
Denver Nuggets,Toronto Raptors,Mon Dec 3 2012
Detroit Pistons,Cleveland Cavaliers,Mon Dec 3 2012
Orlando Magic,Golden State Warriors,Mon Dec 3 2012
New Orleans Hornets,Milwaukee Bucks,Mon Dec 3 2012
Los Angeles Clippers,Utah Jazz,Mon Dec 3 2012
Oklahoma City Thunder,Brooklyn Nets,Tue Dec 4 2012
Indiana Pacers,Chicago Bulls,Tue Dec 4 2012
Houston Rockets,Los Angeles Lakers,Tue Dec 4 2012
Memphis Grizzlies,Phoenix Suns,Tue Dec 4 2012
Minnesota Timberwolves,Philadelphia 76ers,Tue Dec 4 2012
Washington Wizards,Miami Heat,Tue Dec 4 2012
Atlanta Hawks,Denver Nuggets,Wed Dec 5 2012
Boston Celtics,Minnesota Timberwolves,Wed Dec 5 2012
New York Knicks,Charlotte Bobcats,Wed Dec 5 2012
Chicago Bulls,Cleveland Cavaliers,Wed Dec 5 2012
Golden State Warriors,Detroit Pistons,Wed Dec 5 2012
Indiana Pacers,Portland Trail Blazers,Wed Dec 5 2012
Los Angeles Clippers,Dallas Mavericks,Wed Dec 5 2012
Los Angeles Lakers,New Orleans Hornets,Wed Dec 5 2012
Sacramento Kings,Toronto Raptors,Wed Dec 5 2012
San Antonio Spurs,Milwaukee Bucks,Wed Dec 5 2012
Utah Jazz,Orlando Magic,Wed Dec 5 2012
New York Knicks,Miami Heat,Thu Dec 6 2012
Dallas Mavericks,Phoenix Suns,Thu Dec 6 2012
Atlanta Hawks,Washington Wizards,Fri Dec 7 2012
Golden State Warriors,Brooklyn Nets,Fri Dec 7 2012
Chicago Bulls,Detroit Pistons,Fri Dec 7 2012
Denver Nuggets,Indiana Pacers,Fri Dec 7 2012
Milwaukee Bucks,Charlotte Bobcats,Fri Dec 7 2012
Minnesota Timberwolves,Cleveland Cavaliers,Fri Dec 7 2012
Memphis Grizzlies,New Orleans Hornets,Fri Dec 7 2012
Oklahoma City Thunder,Los Angeles Lakers,Fri Dec 7 2012
Philadelphia 76ers,Boston Celtics,Fri Dec 7 2012
Sacramento Kings,Orlando Magic,Fri Dec 7 2012
San Antonio Spurs,Houston Rockets,Fri Dec 7 2012
Utah Jazz,Toronto Raptors,Fri Dec 7 2012
Boston Celtics,Philadelphia 76ers,Sat Dec 8 2012
San Antonio Spurs,Charlotte Bobcats,Sat Dec 8 2012
Chicago Bulls,New York Knicks,Sat Dec 8 2012
Detroit Pistons,Cleveland Cavaliers,Sat Dec 8 2012
Dallas Mavericks,Houston Rockets,Sat Dec 8 2012
Los Angeles Clippers,Phoenix Suns,Sat Dec 8 2012
Atlanta Hawks,Memphis Grizzlies,Sat Dec 8 2012
Miami Heat,New Orleans Hornets,Sat Dec 8 2012
Sacramento Kings,Portland Trail Blazers,Sat Dec 8 2012
Golden State Warriors,Washington Wizards,Sat Dec 8 2012
Milwaukee Bucks,Brooklyn Nets,Sun Dec 9 2012
Los Angeles Clippers,Toronto Raptors,Sun Dec 9 2012
Utah Jazz,Los Angeles Lakers,Sun Dec 9 2012
New York Knicks,Denver Nuggets,Sun Dec 9 2012
Oklahoma City Thunder,Indiana Pacers,Sun Dec 9 2012
Orlando Magic,Phoenix Suns,Sun Dec 9 2012
Golden State Warriors,Charlotte Bobcats,Mon Dec 10 2012
Dallas Mavericks,Sacramento Kings,Mon Dec 10 2012
San Antonio Spurs,Houston Rockets,Mon Dec 10 2012
Miami Heat,Atlanta Hawks,Mon Dec 10 2012
Philadelphia 76ers,Detroit Pistons,Mon Dec 10 2012
Portland Trail Blazers,Toronto Raptors,Mon Dec 10 2012
New York Knicks,Brooklyn Nets,Tue Dec 11 2012
Los Angeles Clippers,Chicago Bulls,Tue Dec 11 2012
Cleveland Cavaliers,Los Angeles Lakers,Tue Dec 11 2012
Denver Nuggets,Detroit Pistons,Tue Dec 11 2012
Washington Wizards,New Orleans Hornets,Tue Dec 11 2012
Boston Celtics,Dallas Mavericks,Wed Dec 12 2012
Los Angeles Clippers,Charlotte Bobcats,Wed Dec 12 2012
Houston Rockets,Washington Wizards,Wed Dec 12 2012
Indiana Pacers,Cleveland Cavaliers,Wed Dec 12 2012
Golden State Warriors,Miami Heat,Wed Dec 12 2012
Milwaukee Bucks,Sacramento Kings,Wed Dec 12 2012
Minnesota Timberwolves,Denver Nuggets,Wed Dec 12 2012
Oklahoma City Thunder,New Orleans Hornets,Wed Dec 12 2012
Atlanta Hawks,Orlando Magic,Wed Dec 12 2012
Chicago Bulls,Philadelphia 76ers,Wed Dec 12 2012
Phoenix Suns,Memphis Grizzlies,Wed Dec 12 2012
Brooklyn Nets,Toronto Raptors,Wed Dec 12 2012
Utah Jazz,San Antonio Spurs,Wed Dec 12 2012
Atlanta Hawks,Charlotte Bobcats,Thu Dec 13 2012
New York Knicks,Los Angeles Lakers,Thu Dec 13 2012
Portland Trail Blazers,San Antonio Spurs,Thu Dec 13 2012
Brooklyn Nets,Detroit Pistons,Fri Dec 14 2012
Milwaukee Bucks,Cleveland Cavaliers,Fri Dec 14 2012
Denver Nuggets,Memphis Grizzlies,Fri Dec 14 2012
Houston Rockets,Boston Celtics,Fri Dec 14 2012
Indiana Pacers,Philadelphia 76ers,Fri Dec 14 2012
Minnesota Timberwolves,New Orleans Hornets,Fri Dec 14 2012
Oklahoma City Thunder,Sacramento Kings,Fri Dec 14 2012
Orlando Magic,Golden State Warriors,Fri Dec 14 2012
Phoenix Suns,Utah Jazz,Fri Dec 14 2012
Toronto Raptors,Dallas Mavericks,Fri Dec 14 2012
Los Angeles Lakers,Washington Wizards,Fri Dec 14 2012
Golden State Warriors,Atlanta Hawks,Sat Dec 15 2012
Orlando Magic,Charlotte Bobcats,Sat Dec 15 2012
Chicago Bulls,Brooklyn Nets,Sat Dec 15 2012
Indiana Pacers,Detroit Pistons,Sat Dec 15 2012
Miami Heat,Washington Wizards,Sat Dec 15 2012
Los Angeles Clippers,Milwaukee Bucks,Sat Dec 15 2012
Minnesota Timberwolves,Dallas Mavericks,Sat Dec 15 2012
New York Knicks,Cleveland Cavaliers,Sat Dec 15 2012
San Antonio Spurs,Boston Celtics,Sat Dec 15 2012
Memphis Grizzlies,Utah Jazz,Sat Dec 15 2012
Los Angeles Lakers,Philadelphia 76ers,Sun Dec 16 2012
Portland Trail Blazers,New Orleans Hornets,Sun Dec 16 2012
Denver Nuggets,Sacramento Kings,Sun Dec 16 2012
Toronto Raptors,Houston Rockets,Sun Dec 16 2012
Los Angeles Clippers,Detroit Pistons,Mon Dec 17 2012
Memphis Grizzlies,Chicago Bulls,Mon Dec 17 2012
Houston Rockets,New York Knicks,Mon Dec 17 2012
Oklahoma City Thunder,San Antonio Spurs,Mon Dec 17 2012
Orlando Magic,Minnesota Timberwolves,Mon Dec 17 2012
Phoenix Suns,Sacramento Kings,Mon Dec 17 2012
Utah Jazz,Brooklyn Nets,Tue Dec 18 2012
Chicago Bulls,Boston Celtics,Tue Dec 18 2012
Toronto Raptors,Cleveland Cavaliers,Tue Dec 18 2012
Dallas Mavericks,Philadelphia 76ers,Tue Dec 18 2012
Denver Nuggets,San Antonio Spurs,Tue Dec 18 2012
Golden State Warriors,New Orleans Hornets,Tue Dec 18 2012
Los Angeles Lakers,Charlotte Bobcats,Tue Dec 18 2012
Miami Heat,Minnesota Timberwolves,Tue Dec 18 2012
Milwaukee Bucks,Indiana Pacers,Tue Dec 18 2012
Atlanta Hawks,Washington Wizards,Tue Dec 18 2012
Oklahoma City Thunder,Atlanta Hawks,Wed Dec 19 2012
Boston Celtics,Cleveland Cavaliers,Wed Dec 19 2012
Houston Rockets,Philadelphia 76ers,Wed Dec 19 2012
Indiana Pacers,Utah Jazz,Wed Dec 19 2012
Los Angeles Clippers,New Orleans Hornets,Wed Dec 19 2012
Memphis Grizzlies,Milwaukee Bucks,Wed Dec 19 2012
New York Knicks,Brooklyn Nets,Wed Dec 19 2012
Orlando Magic,Washington Wizards,Wed Dec 19 2012
Phoenix Suns,Charlotte Bobcats,Wed Dec 19 2012
Sacramento Kings,Golden State Warriors,Wed Dec 19 2012
Toronto Raptors,Detroit Pistons,Wed Dec 19 2012
Miami Heat,Dallas Mavericks,Thu Dec 20 2012
Minnesota Timberwolves,Oklahoma City Thunder,Thu Dec 20 2012
Portland Trail Blazers,Denver Nuggets,Thu Dec 20 2012
Milwaukee Bucks,Boston Celtics,Fri Dec 21 2012
Indiana Pacers,Cleveland Cavaliers,Fri Dec 21 2012
Detroit Pistons,Washington Wizards,Fri Dec 21 2012
Golden State Warriors,Charlotte Bobcats,Fri Dec 21 2012
Los Angeles Clippers,Sacramento Kings,Fri Dec 21 2012
Memphis Grizzlies,Dallas Mavericks,Fri Dec 21 2012
Chicago Bulls,New York Knicks,Fri Dec 21 2012
Philadelphia 76ers,Atlanta Hawks,Fri Dec 21 2012
San Antonio Spurs,New Orleans Hornets,Fri Dec 21 2012
Toronto Raptors,Orlando Magic,Fri Dec 21 2012
Atlanta Hawks,Chicago Bulls,Sat Dec 22 2012
Denver Nuggets,Charlotte Bobcats,Sat Dec 22 2012
Los Angeles Lakers,Golden State Warriors,Sat Dec 22 2012
Houston Rockets,Memphis Grizzlies,Sat Dec 22 2012
Miami Heat,Utah Jazz,Sat Dec 22 2012
Cleveland Cavaliers,Milwaukee Bucks,Sat Dec 22 2012
Indiana Pacers,New Orleans Hornets,Sat Dec 22 2012
Portland Trail Blazers,Phoenix Suns,Sat Dec 22 2012
Detroit Pistons,Washington Wizards,Sat Dec 22 2012
Brooklyn Nets,Philadelphia 76ers,Sun Dec 23 2012
New York Knicks,Minnesota Timberwolves,Sun Dec 23 2012
Utah Jazz,Orlando Magic,Sun Dec 23 2012
Los Angeles Clippers,Phoenix Suns,Sun Dec 23 2012
Sacramento Kings,Portland Trail Blazers,Sun Dec 23 2012
San Antonio Spurs,Dallas Mavericks,Sun Dec 23 2012
Boston Celtics,Brooklyn Nets,Tue Dec 25 2012
Houston Rockets,Chicago Bulls,Tue Dec 25 2012
Los Angeles Clippers,Denver Nuggets,Tue Dec 25 2012
Los Angeles Lakers,New York Knicks,Tue Dec 25 2012
Miami Heat,Oklahoma City Thunder,Tue Dec 25 2012
Atlanta Hawks,Detroit Pistons,Wed Dec 26 2012
Miami Heat,Charlotte Bobcats,Wed Dec 26 2012
Denver Nuggets,Los Angeles Lakers,Wed Dec 26 2012
Philadelphia 76ers,Memphis Grizzlies,Wed Dec 26 2012
Milwaukee Bucks,Brooklyn Nets,Wed Dec 26 2012
Houston Rockets,Minnesota Timberwolves,Wed Dec 26 2012
New Orleans Hornets,Orlando Magic,Wed Dec 26 2012
New York Knicks,Phoenix Suns,Wed Dec 26 2012
Portland Trail Blazers,Sacramento Kings,Wed Dec 26 2012
San Antonio Spurs,Toronto Raptors,Wed Dec 26 2012
Golden State Warriors,Utah Jazz,Wed Dec 26 2012
Cleveland Cavaliers,Washington Wizards,Wed Dec 26 2012
Los Angeles Clippers,Boston Celtics,Thu Dec 27 2012
Oklahoma City Thunder,Dallas Mavericks,Thu Dec 27 2012
Brooklyn Nets,Charlotte Bobcats,Fri Dec 28 2012
Atlanta Hawks,Cleveland Cavaliers,Fri Dec 28 2012
Denver Nuggets,Dallas Mavericks,Fri Dec 28 2012
Detroit Pistons,Miami Heat,Fri Dec 28 2012
Golden State Warriors,Philadelphia 76ers,Fri Dec 28 2012
Indiana Pacers,Phoenix Suns,Fri Dec 28 2012
Los Angeles Lakers,Portland Trail Blazers,Fri Dec 28 2012
Toronto Raptors,New Orleans Hornets,Fri Dec 28 2012
Sacramento Kings,New York Knicks,Fri Dec 28 2012
San Antonio Spurs,Houston Rockets,Fri Dec 28 2012
Los Angeles Clippers,Utah Jazz,Fri Dec 28 2012
Washington Wizards,Orlando Magic,Fri Dec 28 2012
Atlanta Hawks,Indiana Pacers,Sat Dec 29 2012
Brooklyn Nets,Cleveland Cavaliers,Sat Dec 29 2012
New Orleans Hornets,Charlotte Bobcats,Sat Dec 29 2012
Chicago Bulls,Washington Wizards,Sat Dec 29 2012
Golden State Warriors,Boston Celtics,Sat Dec 29 2012
Oklahoma City Thunder,Houston Rockets,Sat Dec 29 2012
Memphis Grizzlies,Denver Nuggets,Sat Dec 29 2012
Milwaukee Bucks,Miami Heat,Sat Dec 29 2012
Minnesota Timberwolves,Phoenix Suns,Sat Dec 29 2012
Toronto Raptors,Orlando Magic,Sat Dec 29 2012
Portland Trail Blazers,Philadelphia 76ers,Sat Dec 29 2012
San Antonio Spurs,Dallas Mavericks,Sun Dec 30 2012
Detroit Pistons,Milwaukee Bucks,Sun Dec 30 2012
Los Angeles Clippers,Utah Jazz,Sun Dec 30 2012
Sacramento Kings,Boston Celtics,Sun Dec 30 2012
Charlotte Bobcats,Chicago Bulls,Mon Dec 31 2012
Houston Rockets,Atlanta Hawks,Mon Dec 31 2012
Indiana Pacers,Memphis Grizzlies,Mon Dec 31 2012
Oklahoma City Thunder,Phoenix Suns,Mon Dec 31 2012
Miami Heat,Orlando Magic,Mon Dec 31 2012
San Antonio Spurs,Brooklyn Nets,Mon Dec 31 2012
Denver Nuggets,Los Angeles Clippers,Tue Jan 1 2013
Detroit Pistons,Sacramento Kings,Tue Jan 1 2013
Philadelphia 76ers,Los Angeles Lakers,Tue Jan 1 2013
Atlanta Hawks,New Orleans Hornets,Tue Jan 1 2013
Portland Trail Blazers,New York Knicks,Tue Jan 1 2013
Dallas Mavericks,Washington Wizards,Tue Jan 1 2013
Memphis Grizzlies,Boston Celtics,Wed Jan 2 2013
Sacramento Kings,Cleveland Cavaliers,Wed Jan 2 2013
Golden State Warriors,Los Angeles Clippers,Wed Jan 2 2013
Houston Rockets,New Orleans Hornets,Wed Jan 2 2013
Indiana Pacers,Washington Wizards,Wed Jan 2 2013
Miami Heat,Dallas Mavericks,Wed Jan 2 2013
San Antonio Spurs,Milwaukee Bucks,Wed Jan 2 2013
Brooklyn Nets,Oklahoma City Thunder,Wed Jan 2 2013
Chicago Bulls,Orlando Magic,Wed Jan 2 2013
Phoenix Suns,Philadelphia 76ers,Wed Jan 2 2013
Toronto Raptors,Portland Trail Blazers,Wed Jan 2 2013
Utah Jazz,Minnesota Timberwolves,Wed Jan 2 2013
Minnesota Timberwolves,Denver Nuggets,Thu Jan 3 2013
New York Knicks,San Antonio Spurs,Thu Jan 3 2013
Boston Celtics,Indiana Pacers,Fri Jan 4 2013
Cleveland Cavaliers,Charlotte Bobcats,Fri Jan 4 2013
Detroit Pistons,Atlanta Hawks,Fri Jan 4 2013
Los Angeles Clippers,Los Angeles Lakers,Fri Jan 4 2013
Portland Trail Blazers,Memphis Grizzlies,Fri Jan 4 2013
Chicago Bulls,Miami Heat,Fri Jan 4 2013
Houston Rockets,Milwaukee Bucks,Fri Jan 4 2013
Oklahoma City Thunder,Philadelphia 76ers,Fri Jan 4 2013
Utah Jazz,Phoenix Suns,Fri Jan 4 2013
Sacramento Kings,Toronto Raptors,Fri Jan 4 2013
Brooklyn Nets,Washington Wizards,Fri Jan 4 2013
Boston Celtics,Atlanta Hawks,Sat Jan 5 2013
Brooklyn Nets,Sacramento Kings,Sat Jan 5 2013
Houston Rockets,Cleveland Cavaliers,Sat Jan 5 2013
New Orleans Hornets,Dallas Mavericks,Sat Jan 5 2013
Denver Nuggets,Utah Jazz,Sat Jan 5 2013
Indiana Pacers,Milwaukee Bucks,Sat Jan 5 2013
Los Angeles Clippers,Golden State Warriors,Sat Jan 5 2013
Portland Trail Blazers,Minnesota Timberwolves,Sat Jan 5 2013
New York Knicks,Orlando Magic,Sat Jan 5 2013
San Antonio Spurs,Philadelphia 76ers,Sat Jan 5 2013
Charlotte Bobcats,Detroit Pistons,Sun Jan 6 2013
Denver Nuggets,Los Angeles Lakers,Sun Jan 6 2013
Miami Heat,Washington Wizards,Sun Jan 6 2013
Memphis Grizzlies,Phoenix Suns,Sun Jan 6 2013
Oklahoma City Thunder,Toronto Raptors,Sun Jan 6 2013
Chicago Bulls,Cleveland Cavaliers,Mon Jan 7 2013
New Orleans Hornets,San Antonio Spurs,Mon Jan 7 2013
Boston Celtics,New York Knicks,Mon Jan 7 2013
Portland Trail Blazers,Orlando Magic,Mon Jan 7 2013
Memphis Grizzlies,Sacramento Kings,Mon Jan 7 2013
Utah Jazz,Dallas Mavericks,Mon Jan 7 2013
Washington Wizards,Oklahoma City Thunder,Mon Jan 7 2013
Houston Rockets,Los Angeles Lakers,Tue Jan 8 2013
Indiana Pacers,Miami Heat,Tue Jan 8 2013
Milwaukee Bucks,Phoenix Suns,Tue Jan 8 2013
Minnesota Timberwolves,Atlanta Hawks,Tue Jan 8 2013
Brooklyn Nets,Philadelphia 76ers,Tue Jan 8 2013
Boston Celtics,Phoenix Suns,Wed Jan 9 2013
Utah Jazz,Charlotte Bobcats,Wed Jan 9 2013
Milwaukee Bucks,Chicago Bulls,Wed Jan 9 2013
Cleveland Cavaliers,Atlanta Hawks,Wed Jan 9 2013
Denver Nuggets,Orlando Magic,Wed Jan 9 2013
Memphis Grizzlies,Golden State Warriors,Wed Jan 9 2013
Los Angeles Clippers,Dallas Mavericks,Wed Jan 9 2013
New Orleans Hornets,Houston Rockets,Wed Jan 9 2013
Oklahoma City Thunder,Minnesota Timberwolves,Wed Jan 9 2013
San Antonio Spurs,Los Angeles Lakers,Wed Jan 9 2013
Toronto Raptors,Philadelphia 76ers,Wed Jan 9 2013
Indiana Pacers,New York Knicks,Thu Jan 10 2013
Portland Trail Blazers,Miami Heat,Thu Jan 10 2013
Dallas Mavericks,Sacramento Kings,Thu Jan 10 2013
Atlanta Hawks,Utah Jazz,Fri Jan 11 2013
Boston Celtics,Houston Rockets,Fri Jan 11 2013
Brooklyn Nets,Phoenix Suns,Fri Jan 11 2013
Denver Nuggets,Cleveland Cavaliers,Fri Jan 11 2013
Golden State Warriors,Portland Trail Blazers,Fri Jan 11 2013
Oklahoma City Thunder,Los Angeles Lakers,Fri Jan 11 2013
Memphis Grizzlies,San Antonio Spurs,Fri Jan 11 2013
Detroit Pistons,Milwaukee Bucks,Fri Jan 11 2013
New Orleans Hornets,Minnesota Timberwolves,Fri Jan 11 2013
Chicago Bulls,New York Knicks,Fri Jan 11 2013
Toronto Raptors,Charlotte Bobcats,Fri Jan 11 2013
Phoenix Suns,Chicago Bulls,Sat Jan 12 2013
Dallas Mavericks,Memphis Grizzlies,Sat Jan 12 2013
Utah Jazz,Detroit Pistons,Sat Jan 12 2013
Indiana Pacers,Charlotte Bobcats,Sat Jan 12 2013
Orlando Magic,Los Angeles Clippers,Sat Jan 12 2013
Philadelphia 76ers,Houston Rockets,Sat Jan 12 2013
Miami Heat,Sacramento Kings,Sat Jan 12 2013
Washington Wizards,Atlanta Hawks,Sat Jan 12 2013
Brooklyn Nets,Indiana Pacers,Sun Jan 13 2013
Denver Nuggets,Golden State Warriors,Sun Jan 13 2013
Los Angeles Lakers,Cleveland Cavaliers,Sun Jan 13 2013
New York Knicks,New Orleans Hornets,Sun Jan 13 2013
Oklahoma City Thunder,Portland Trail Blazers,Sun Jan 13 2013
San Antonio Spurs,Minnesota Timberwolves,Sun Jan 13 2013
Milwaukee Bucks,Toronto Raptors,Sun Jan 13 2013
Boston Celtics,Charlotte Bobcats,Mon Jan 14 2013
Chicago Bulls,Atlanta Hawks,Mon Jan 14 2013
Dallas Mavericks,Minnesota Timberwolves,Mon Jan 14 2013
Los Angeles Clippers,Memphis Grizzlies,Mon Jan 14 2013
Oklahoma City Thunder,Phoenix Suns,Mon Jan 14 2013
Sacramento Kings,Cleveland Cavaliers,Mon Jan 14 2013
Utah Jazz,Miami Heat,Mon Jan 14 2013
Washington Wizards,Orlando Magic,Mon Jan 14 2013
Brooklyn Nets,Toronto Raptors,Tue Jan 15 2013
Indiana Pacers,Charlotte Bobcats,Tue Jan 15 2013
Denver Nuggets,Portland Trail Blazers,Tue Jan 15 2013
Los Angeles Clippers,Houston Rockets,Tue Jan 15 2013
Los Angeles Lakers,Milwaukee Bucks,Tue Jan 15 2013
New Orleans Hornets,Philadelphia 76ers,Tue Jan 15 2013
Atlanta Hawks,Brooklyn Nets,Wed Jan 16 2013
New Orleans Hornets,Boston Celtics,Wed Jan 16 2013
Dallas Mavericks,Houston Rockets,Wed Jan 16 2013
Miami Heat,Golden State Warriors,Wed Jan 16 2013
Oklahoma City Thunder,Denver Nuggets,Wed Jan 16 2013
Orlando Magic,Indiana Pacers,Wed Jan 16 2013
Cleveland Cavaliers,Portland Trail Blazers,Wed Jan 16 2013
Sacramento Kings,Washington Wizards,Wed Jan 16 2013
San Antonio Spurs,Memphis Grizzlies,Wed Jan 16 2013
Chicago Bulls,Toronto Raptors,Wed Jan 16 2013
New York Knicks,Detroit Pistons,Thu Jan 17 2013
Miami Heat,Los Angeles Lakers,Thu Jan 17 2013
Los Angeles Clippers,Minnesota Timberwolves,Thu Jan 17 2013
Milwaukee Bucks,Phoenix Suns,Thu Jan 17 2013
Chicago Bulls,Boston Celtics,Fri Jan 18 2013
Brooklyn Nets,Atlanta Hawks,Fri Jan 18 2013
Oklahoma City Thunder,Dallas Mavericks,Fri Jan 18 2013
Washington Wizards,Denver Nuggets,Fri Jan 18 2013
Indiana Pacers,Houston Rockets,Fri Jan 18 2013
Memphis Grizzlies,Sacramento Kings,Fri Jan 18 2013
Charlotte Bobcats,Orlando Magic,Fri Jan 18 2013
Philadelphia 76ers,Toronto Raptors,Fri Jan 18 2013
San Antonio Spurs,Golden State Warriors,Fri Jan 18 2013
San Antonio Spurs,Atlanta Hawks,Sat Jan 19 2013
Sacramento Kings,Charlotte Bobcats,Sat Jan 19 2013
Memphis Grizzlies,Chicago Bulls,Sat Jan 19 2013
Los Angeles Clippers,Washington Wizards,Sat Jan 19 2013
Minnesota Timberwolves,Houston Rockets,Sat Jan 19 2013
Golden State Warriors,New Orleans Hornets,Sat Jan 19 2013
Milwaukee Bucks,Portland Trail Blazers,Sat Jan 19 2013
Utah Jazz,Cleveland Cavaliers,Sat Jan 19 2013
Denver Nuggets,Oklahoma City Thunder,Sun Jan 20 2013
Detroit Pistons,Boston Celtics,Sun Jan 20 2013
Dallas Mavericks,Orlando Magic,Sun Jan 20 2013
Toronto Raptors,Los Angeles Lakers,Sun Jan 20 2013
Atlanta Hawks,Minnesota Timberwolves,Mon Jan 21 2013
Houston Rockets,Charlotte Bobcats,Mon Jan 21 2013
Chicago Bulls,Los Angeles Lakers,Mon Jan 21 2013
Golden State Warriors,Los Angeles Clippers,Mon Jan 21 2013
Indiana Pacers,Memphis Grizzlies,Mon Jan 21 2013
New Orleans Hornets,Sacramento Kings,Mon Jan 21 2013
Brooklyn Nets,New York Knicks,Mon Jan 21 2013
San Antonio Spurs,Philadelphia 76ers,Mon Jan 21 2013
Washington Wizards,Portland Trail Blazers,Mon Jan 21 2013
Cleveland Cavaliers,Boston Celtics,Tue Jan 22 2013
Detroit Pistons,Orlando Magic,Tue Jan 22 2013
Oklahoma City Thunder,Los Angeles Clippers,Tue Jan 22 2013
Milwaukee Bucks,Philadelphia 76ers,Tue Jan 22 2013
Atlanta Hawks,Charlotte Bobcats,Wed Jan 23 2013
Chicago Bulls,Detroit Pistons,Wed Jan 23 2013
Golden State Warriors,Oklahoma City Thunder,Wed Jan 23 2013
Denver Nuggets,Houston Rockets,Wed Jan 23 2013
Memphis Grizzlies,Los Angeles Lakers,Wed Jan 23 2013
Miami Heat,Toronto Raptors,Wed Jan 23 2013
Brooklyn Nets,Minnesota Timberwolves,Wed Jan 23 2013
Portland Trail Blazers,Indiana Pacers,Wed Jan 23 2013
Phoenix Suns,Sacramento Kings,Wed Jan 23 2013
San Antonio Spurs,New Orleans Hornets,Wed Jan 23 2013
Utah Jazz,Washington Wizards,Wed Jan 23 2013
New York Knicks,Boston Celtics,Thu Jan 24 2013
Toronto Raptors,Orlando Magic,Thu Jan 24 2013
Phoenix Suns,Los Angeles Clippers,Thu Jan 24 2013
Atlanta Hawks,Boston Celtics,Fri Jan 25 2013
Chicago Bulls,Golden State Warriors,Fri Jan 25 2013
Cleveland Cavaliers,Milwaukee Bucks,Fri Jan 25 2013
San Antonio Spurs,Dallas Mavericks,Fri Jan 25 2013
Los Angeles Lakers,Utah Jazz,Fri Jan 25 2013
Memphis Grizzlies,Brooklyn Nets,Fri Jan 25 2013
Miami Heat,Detroit Pistons,Fri Jan 25 2013
Houston Rockets,New Orleans Hornets,Fri Jan 25 2013
Oklahoma City Thunder,Sacramento Kings,Fri Jan 25 2013
Washington Wizards,Minnesota Timberwolves,Fri Jan 25 2013
Charlotte Bobcats,Minnesota Timberwolves,Sat Jan 26 2013
Denver Nuggets,Sacramento Kings,Sat Jan 26 2013
Houston Rockets,Brooklyn Nets,Sat Jan 26 2013
Milwaukee Bucks,Golden State Warriors,Sat Jan 26 2013
Philadelphia 76ers,New York Knicks,Sat Jan 26 2013
Portland Trail Blazers,Los Angeles Clippers,Sat Jan 26 2013
San Antonio Spurs,Phoenix Suns,Sat Jan 26 2013
Cleveland Cavaliers,Toronto Raptors,Sat Jan 26 2013
Utah Jazz,Indiana Pacers,Sat Jan 26 2013
Washington Wizards,Chicago Bulls,Sat Jan 26 2013
Boston Celtics,Miami Heat,Sun Jan 27 2013
Dallas Mavericks,Phoenix Suns,Sun Jan 27 2013
Los Angeles Clippers,Portland Trail Blazers,Sun Jan 27 2013
Los Angeles Lakers,Oklahoma City Thunder,Sun Jan 27 2013
New Orleans Hornets,Memphis Grizzlies,Sun Jan 27 2013
New York Knicks,Atlanta Hawks,Sun Jan 27 2013
Detroit Pistons,Orlando Magic,Sun Jan 27 2013
Brooklyn Nets,Orlando Magic,Mon Jan 28 2013
Chicago Bulls,Charlotte Bobcats,Mon Jan 28 2013
Denver Nuggets,Indiana Pacers,Mon Jan 28 2013
Memphis Grizzlies,Philadelphia 76ers,Mon Jan 28 2013
Golden State Warriors,Toronto Raptors,Mon Jan 28 2013
Houston Rockets,Utah Jazz,Mon Jan 28 2013
Sacramento Kings,Washington Wizards,Mon Jan 28 2013
Golden State Warriors,Cleveland Cavaliers,Tue Jan 29 2013
Milwaukee Bucks,Detroit Pistons,Tue Jan 29 2013
Los Angeles Lakers,New Orleans Hornets,Tue Jan 29 2013
Portland Trail Blazers,Dallas Mavericks,Tue Jan 29 2013
Atlanta Hawks,Toronto Raptors,Wed Jan 30 2013
Boston Celtics,Sacramento Kings,Wed Jan 30 2013
Miami Heat,Brooklyn Nets,Wed Jan 30 2013
Denver Nuggets,Houston Rockets,Wed Jan 30 2013
Indiana Pacers,Detroit Pistons,Wed Jan 30 2013
Chicago Bulls,Milwaukee Bucks,Wed Jan 30 2013
Los Angeles Clippers,Minnesota Timberwolves,Wed Jan 30 2013
New York Knicks,Orlando Magic,Wed Jan 30 2013
Philadelphia 76ers,Washington Wizards,Wed Jan 30 2013
Phoenix Suns,Los Angeles Lakers,Wed Jan 30 2013
San Antonio Spurs,Charlotte Bobcats,Wed Jan 30 2013
Utah Jazz,New Orleans Hornets,Wed Jan 30 2013
Golden State Warriors,Dallas Mavericks,Thu Jan 31 2013
Oklahoma City Thunder,Memphis Grizzlies,Thu Jan 31 2013
Boston Celtics,Orlando Magic,Fri Feb 1 2013
Brooklyn Nets,Chicago Bulls,Fri Feb 1 2013
Denver Nuggets,New Orleans Hornets,Fri Feb 1 2013
Detroit Pistons,Cleveland Cavaliers,Fri Feb 1 2013
Indiana Pacers,Miami Heat,Fri Feb 1 2013
Memphis Grizzlies,Washington Wizards,Fri Feb 1 2013
Los Angeles Lakers,Minnesota Timberwolves,Fri Feb 1 2013
New York Knicks,Milwaukee Bucks,Fri Feb 1 2013
Philadelphia 76ers,Sacramento Kings,Fri Feb 1 2013
Dallas Mavericks,Phoenix Suns,Fri Feb 1 2013
Toronto Raptors,Los Angeles Clippers,Fri Feb 1 2013
Utah Jazz,Portland Trail Blazers,Fri Feb 1 2013
Chicago Bulls,Atlanta Hawks,Sat Feb 2 2013
Cleveland Cavaliers,Oklahoma City Thunder,Sat Feb 2 2013
Golden State Warriors,Phoenix Suns,Sat Feb 2 2013
Houston Rockets,Charlotte Bobcats,Sat Feb 2 2013
Milwaukee Bucks,Orlando Magic,Sat Feb 2 2013
Minnesota Timberwolves,New Orleans Hornets,Sat Feb 2 2013
New York Knicks,Sacramento Kings,Sat Feb 2 2013
Portland Trail Blazers,Utah Jazz,Sat Feb 2 2013
San Antonio Spurs,Washington Wizards,Sat Feb 2 2013
Boston Celtics,Los Angeles Clippers,Sun Feb 3 2013
Los Angeles Lakers,Detroit Pistons,Sun Feb 3 2013
Miami Heat,Toronto Raptors,Sun Feb 3 2013
Indiana Pacers,Chicago Bulls,Mon Feb 4 2013
Miami Heat,Charlotte Bobcats,Mon Feb 4 2013
Portland Trail Blazers,Minnesota Timberwolves,Mon Feb 4 2013
New York Knicks,Detroit Pistons,Mon Feb 4 2013
Oklahoma City Thunder,Dallas Mavericks,Mon Feb 4 2013
Philadelphia 76ers,Orlando Magic,Mon Feb 4 2013
Utah Jazz,Sacramento Kings,Mon Feb 4 2013
Washington Wizards,Los Angeles Clippers,Mon Feb 4 2013
Los Angeles Lakers,Brooklyn Nets,Tue Feb 5 2013
Denver Nuggets,Milwaukee Bucks,Tue Feb 5 2013
Houston Rockets,Golden State Warriors,Tue Feb 5 2013
Indiana Pacers,Atlanta Hawks,Tue Feb 5 2013
Phoenix Suns,Memphis Grizzlies,Tue Feb 5 2013
Atlanta Hawks,Memphis Grizzlies,Wed Feb 6 2013
Cleveland Cavaliers,Charlotte Bobcats,Wed Feb 6 2013
Dallas Mavericks,Portland Trail Blazers,Wed Feb 6 2013
Brooklyn Nets,Detroit Pistons,Wed Feb 6 2013
Miami Heat,Houston Rockets,Wed Feb 6 2013
San Antonio Spurs,Minnesota Timberwolves,Wed Feb 6 2013
New Orleans Hornets,Phoenix Suns,Wed Feb 6 2013
Oklahoma City Thunder,Golden State Warriors,Wed Feb 6 2013
Los Angeles Clippers,Orlando Magic,Wed Feb 6 2013
Indiana Pacers,Philadelphia 76ers,Wed Feb 6 2013
Boston Celtics,Toronto Raptors,Wed Feb 6 2013
Utah Jazz,Milwaukee Bucks,Wed Feb 6 2013
Washington Wizards,New York Knicks,Wed Feb 6 2013
Boston Celtics,Los Angeles Lakers,Thu Feb 7 2013
Denver Nuggets,Chicago Bulls,Thu Feb 7 2013
New Orleans Hornets,Atlanta Hawks,Fri Feb 8 2013
Los Angeles Lakers,Charlotte Bobcats,Fri Feb 8 2013
Cleveland Cavaliers,Orlando Magic,Fri Feb 8 2013
Detroit Pistons,San Antonio Spurs,Fri Feb 8 2013
Houston Rockets,Portland Trail Blazers,Fri Feb 8 2013
Toronto Raptors,Indiana Pacers,Fri Feb 8 2013
Memphis Grizzlies,Golden State Warriors,Fri Feb 8 2013
Miami Heat,Los Angeles Clippers,Fri Feb 8 2013
New York Knicks,Minnesota Timberwolves,Fri Feb 8 2013
Oklahoma City Thunder,Phoenix Suns,Fri Feb 8 2013
Chicago Bulls,Utah Jazz,Fri Feb 8 2013
Washington Wizards,Brooklyn Nets,Fri Feb 8 2013
Denver Nuggets,Cleveland Cavaliers,Sat Feb 9 2013
Dallas Mavericks,Golden State Warriors,Sat Feb 9 2013
Detroit Pistons,Milwaukee Bucks,Sat Feb 9 2013
Philadelphia 76ers,Charlotte Bobcats,Sat Feb 9 2013
Sacramento Kings,Utah Jazz,Sat Feb 9 2013
Boston Celtics,Denver Nuggets,Sun Feb 10 2013
San Antonio Spurs,Brooklyn Nets,Sun Feb 10 2013
Memphis Grizzlies,Minnesota Timberwolves,Sun Feb 10 2013
Miami Heat,Los Angeles Lakers,Sun Feb 10 2013
Los Angeles Clippers,New York Knicks,Sun Feb 10 2013
Orlando Magic,Portland Trail Blazers,Sun Feb 10 2013
Oklahoma City Thunder,Phoenix Suns,Sun Feb 10 2013
Sacramento Kings,Houston Rockets,Sun Feb 10 2013
Toronto Raptors,New Orleans Hornets,Sun Feb 10 2013
Charlotte Bobcats,Boston Celtics,Mon Feb 11 2013
San Antonio Spurs,Chicago Bulls,Mon Feb 11 2013
Minnesota Timberwolves,Cleveland Cavaliers,Mon Feb 11 2013
Atlanta Hawks,Dallas Mavericks,Mon Feb 11 2013
New Orleans Hornets,Detroit Pistons,Mon Feb 11 2013
Brooklyn Nets,Indiana Pacers,Mon Feb 11 2013
Washington Wizards,Milwaukee Bucks,Mon Feb 11 2013
Los Angeles Clippers,Philadelphia 76ers,Mon Feb 11 2013
Houston Rockets,Golden State Warriors,Tue Feb 12 2013
Los Angeles Lakers,Phoenix Suns,Tue Feb 12 2013
Memphis Grizzlies,Sacramento Kings,Tue Feb 12 2013
Miami Heat,Portland Trail Blazers,Tue Feb 12 2013
Toronto Raptors,Denver Nuggets,Tue Feb 12 2013
Utah Jazz,Oklahoma City Thunder,Tue Feb 12 2013
Boston Celtics,Chicago Bulls,Wed Feb 13 2013
Brooklyn Nets,Denver Nuggets,Wed Feb 13 2013
San Antonio Spurs,Cleveland Cavaliers,Wed Feb 13 2013
Dallas Mavericks,Sacramento Kings,Wed Feb 13 2013
Detroit Pistons,Washington Wizards,Wed Feb 13 2013
Indiana Pacers,Charlotte Bobcats,Wed Feb 13 2013
Los Angeles Clippers,Houston Rockets,Wed Feb 13 2013
Milwaukee Bucks,Philadelphia 76ers,Wed Feb 13 2013
Utah Jazz,Minnesota Timberwolves,Wed Feb 13 2013
New Orleans Hornets,Portland Trail Blazers,Wed Feb 13 2013
Toronto Raptors,New York Knicks,Wed Feb 13 2013
Atlanta Hawks,Orlando Magic,Wed Feb 13 2013
Los Angeles Clippers,Los Angeles Lakers,Thu Feb 14 2013
Miami Heat,Oklahoma City Thunder,Thu Feb 14 2013
Brooklyn Nets,Milwaukee Bucks,Tue Feb 19 2013
Denver Nuggets,Boston Celtics,Tue Feb 19 2013
Memphis Grizzlies,Detroit Pistons,Tue Feb 19 2013
Chicago Bulls,New Orleans Hornets,Tue Feb 19 2013
Charlotte Bobcats,Orlando Magic,Tue Feb 19 2013
Phoenix Suns,Portland Trail Blazers,Tue Feb 19 2013
San Antonio Spurs,Sacramento Kings,Tue Feb 19 2013
Utah Jazz,Golden State Warriors,Tue Feb 19 2013
Toronto Raptors,Washington Wizards,Tue Feb 19 2013
Miami Heat,Atlanta Hawks,Wed Feb 20 2013
Detroit Pistons,Charlotte Bobcats,Wed Feb 20 2013
Cleveland Cavaliers,New Orleans Hornets,Wed Feb 20 2013
Dallas Mavericks,Orlando Magic,Wed Feb 20 2013
Golden State Warriors,Phoenix Suns,Wed Feb 20 2013
Houston Rockets,Oklahoma City Thunder,Wed Feb 20 2013
Indiana Pacers,New York Knicks,Wed Feb 20 2013
Los Angeles Lakers,Boston Celtics,Wed Feb 20 2013
Brooklyn Nets,Milwaukee Bucks,Wed Feb 20 2013
Minnesota Timberwolves,Philadelphia 76ers,Wed Feb 20 2013
Memphis Grizzlies,Toronto Raptors,Wed Feb 20 2013
Miami Heat,Chicago Bulls,Thu Feb 21 2013
San Antonio Spurs,Los Angeles Clippers,Thu Feb 21 2013
Atlanta Hawks,Sacramento Kings,Fri Feb 22 2013
Houston Rockets,Brooklyn Nets,Fri Feb 22 2013
Chicago Bulls,Charlotte Bobcats,Fri Feb 22 2013
Golden State Warriors,San Antonio Spurs,Fri Feb 22 2013
Indiana Pacers,Detroit Pistons,Fri Feb 22 2013
Los Angeles Lakers,Portland Trail Blazers,Fri Feb 22 2013
Memphis Grizzlies,Orlando Magic,Fri Feb 22 2013
Dallas Mavericks,New Orleans Hornets,Fri Feb 22 2013
Oklahoma City Thunder,Minnesota Timberwolves,Fri Feb 22 2013
Boston Celtics,Phoenix Suns,Fri Feb 22 2013
Toronto Raptors,New York Knicks,Fri Feb 22 2013
Washington Wizards,Denver Nuggets,Fri Feb 22 2013
Denver Nuggets,Charlotte Bobcats,Sat Feb 23 2013
Indiana Pacers,Detroit Pistons,Sat Feb 23 2013
Los Angeles Clippers,Utah Jazz,Sat Feb 23 2013
Atlanta Hawks,Milwaukee Bucks,Sat Feb 23 2013
Cleveland Cavaliers,Orlando Magic,Sat Feb 23 2013
Miami Heat,Philadelphia 76ers,Sat Feb 23 2013
Washington Wizards,Houston Rockets,Sat Feb 23 2013
Memphis Grizzlies,Brooklyn Nets,Sun Feb 24 2013
Los Angeles Lakers,Dallas Mavericks,Sun Feb 24 2013
Miami Heat,Cleveland Cavaliers,Sun Feb 24 2013
Golden State Warriors,Minnesota Timberwolves,Sun Feb 24 2013
New Orleans Hornets,Sacramento Kings,Sun Feb 24 2013
New York Knicks,Philadelphia 76ers,Sun Feb 24 2013
Oklahoma City Thunder,Chicago Bulls,Sun Feb 24 2013
San Antonio Spurs,Phoenix Suns,Sun Feb 24 2013
Portland Trail Blazers,Boston Celtics,Sun Feb 24 2013
Denver Nuggets,Los Angeles Lakers,Mon Feb 25 2013
Atlanta Hawks,Detroit Pistons,Mon Feb 25 2013
Washington Wizards,Toronto Raptors,Mon Feb 25 2013
Boston Celtics,Utah Jazz,Mon Feb 25 2013
Cleveland Cavaliers,Chicago Bulls,Tue Feb 26 2013
Milwaukee Bucks,Dallas Mavericks,Tue Feb 26 2013
Indiana Pacers,Golden State Warriors,Tue Feb 26 2013
Los Angeles Clippers,Charlotte Bobcats,Tue Feb 26 2013
Miami Heat,Sacramento Kings,Tue Feb 26 2013
Brooklyn Nets,New Orleans Hornets,Tue Feb 26 2013
Orlando Magic,Philadelphia 76ers,Tue Feb 26 2013
Phoenix Suns,Minnesota Timberwolves,Tue Feb 26 2013
Cleveland Cavaliers,Toronto Raptors,Wed Feb 27 2013
Milwaukee Bucks,Houston Rockets,Wed Feb 27 2013
Memphis Grizzlies,Dallas Mavericks,Wed Feb 27 2013
New York Knicks,Golden State Warriors,Wed Feb 27 2013
Oklahoma City Thunder,New Orleans Hornets,Wed Feb 27 2013
Sacramento Kings,Orlando Magic,Wed Feb 27 2013
Denver Nuggets,Portland Trail Blazers,Wed Feb 27 2013
Phoenix Suns,San Antonio Spurs,Wed Feb 27 2013
Atlanta Hawks,Utah Jazz,Wed Feb 27 2013
Detroit Pistons,Washington Wizards,Wed Feb 27 2013
Chicago Bulls,Philadelphia 76ers,Thu Feb 28 2013
Los Angeles Clippers,Indiana Pacers,Thu Feb 28 2013
Los Angeles Lakers,Minnesota Timberwolves,Thu Feb 28 2013
Boston Celtics,Golden State Warriors,Fri Mar 1 2013
Dallas Mavericks,Brooklyn Nets,Fri Mar 1 2013
Los Angeles Clippers,Cleveland Cavaliers,Fri Mar 1 2013
Denver Nuggets,Oklahoma City Thunder,Fri Mar 1 2013
Miami Heat,Memphis Grizzlies,Fri Mar 1 2013
New Orleans Hornets,Detroit Pistons,Fri Mar 1 2013
Houston Rockets,Orlando Magic,Fri Mar 1 2013
Phoenix Suns,Atlanta Hawks,Fri Mar 1 2013
San Antonio Spurs,Sacramento Kings,Fri Mar 1 2013
Indiana Pacers,Toronto Raptors,Fri Mar 1 2013
Utah Jazz,Charlotte Bobcats,Fri Mar 1 2013
New York Knicks,Washington Wizards,Fri Mar 1 2013
Chicago Bulls,Brooklyn Nets,Sat Mar 2 2013
Milwaukee Bucks,Toronto Raptors,Sat Mar 2 2013
Philadelphia 76ers,Golden State Warriors,Sat Mar 2 2013
Portland Trail Blazers,Minnesota Timberwolves,Sat Mar 2 2013
Houston Rockets,Dallas Mavericks,Sun Mar 3 2013
Indiana Pacers,Chicago Bulls,Sun Mar 3 2013
Oklahoma City Thunder,Los Angeles Clippers,Sun Mar 3 2013
Los Angeles Lakers,Atlanta Hawks,Sun Mar 3 2013
Miami Heat,New York Knicks,Sun Mar 3 2013
Memphis Grizzlies,Orlando Magic,Sun Mar 3 2013
Sacramento Kings,Charlotte Bobcats,Sun Mar 3 2013
San Antonio Spurs,Detroit Pistons,Sun Mar 3 2013
Washington Wizards,Philadelphia 76ers,Sun Mar 3 2013
New York Knicks,Cleveland Cavaliers,Mon Mar 4 2013
Denver Nuggets,Atlanta Hawks,Mon Mar 4 2013
Golden State Warriors,Toronto Raptors,Mon Mar 4 2013
Milwaukee Bucks,Utah Jazz,Mon Mar 4 2013
Miami Heat,Minnesota Timberwolves,Mon Mar 4 2013
Orlando Magic,New Orleans Hornets,Mon Mar 4 2013
Portland Trail Blazers,Charlotte Bobcats,Mon Mar 4 2013
Oklahoma City Thunder,Los Angeles Lakers,Tue Mar 5 2013
Boston Celtics,Philadelphia 76ers,Tue Mar 5 2013
Denver Nuggets,Sacramento Kings,Tue Mar 5 2013
Atlanta Hawks,Philadelphia 76ers,Wed Mar 6 2013
Brooklyn Nets,Charlotte Bobcats,Wed Mar 6 2013
Cleveland Cavaliers,Utah Jazz,Wed Mar 6 2013
Dallas Mavericks,Houston Rockets,Wed Mar 6 2013
New York Knicks,Detroit Pistons,Wed Mar 6 2013
Golden State Warriors,Sacramento Kings,Wed Mar 6 2013
Boston Celtics,Indiana Pacers,Wed Mar 6 2013
Los Angeles Clippers,Milwaukee Bucks,Wed Mar 6 2013
Memphis Grizzlies,Portland Trail Blazers,Wed Mar 6 2013
Miami Heat,Orlando Magic,Wed Mar 6 2013
Minnesota Timberwolves,Washington Wizards,Wed Mar 6 2013
Los Angeles Lakers,New Orleans Hornets,Wed Mar 6 2013
Toronto Raptors,Phoenix Suns,Wed Mar 6 2013
San Antonio Spurs,Chicago Bulls,Wed Mar 6 2013
Denver Nuggets,Los Angeles Clippers,Thu Mar 7 2013
Oklahoma City Thunder,New York Knicks,Thu Mar 7 2013
Boston Celtics,Atlanta Hawks,Fri Mar 8 2013
Brooklyn Nets,Washington Wizards,Fri Mar 8 2013
Oklahoma City Thunder,Charlotte Bobcats,Fri Mar 8 2013
Chicago Bulls,Utah Jazz,Fri Mar 8 2013
Memphis Grizzlies,Cleveland Cavaliers,Fri Mar 8 2013
Dallas Mavericks,Detroit Pistons,Fri Mar 8 2013
Houston Rockets,Golden State Warriors,Fri Mar 8 2013
Los Angeles Lakers,Toronto Raptors,Fri Mar 8 2013
Miami Heat,Philadelphia 76ers,Fri Mar 8 2013
Indiana Pacers,Orlando Magic,Fri Mar 8 2013
Sacramento Kings,Phoenix Suns,Fri Mar 8 2013
Portland Trail Blazers,San Antonio Spurs,Fri Mar 8 2013
Brooklyn Nets,Atlanta Hawks,Sat Mar 9 2013
Denver Nuggets,Minnesota Timberwolves,Sat Mar 9 2013
Milwaukee Bucks,Golden State Warriors,Sat Mar 9 2013
Memphis Grizzlies,New Orleans Hornets,Sat Mar 9 2013
New York Knicks,Utah Jazz,Sat Mar 9 2013
Phoenix Suns,Houston Rockets,Sat Mar 9 2013
Washington Wizards,Charlotte Bobcats,Sat Mar 9 2013
Los Angeles Clippers,Detroit Pistons,Sun Mar 10 2013
Los Angeles Lakers,Chicago Bulls,Sun Mar 10 2013
Miami Heat,Indiana Pacers,Sun Mar 10 2013
Dallas Mavericks,Minnesota Timberwolves,Sun Mar 10 2013
New Orleans Hornets,Portland Trail Blazers,Sun Mar 10 2013
Oklahoma City Thunder,Boston Celtics,Sun Mar 10 2013
Orlando Magic,Philadelphia 76ers,Sun Mar 10 2013
Milwaukee Bucks,Sacramento Kings,Sun Mar 10 2013
Toronto Raptors,Cleveland Cavaliers,Sun Mar 10 2013
Golden State Warriors,New York Knicks,Mon Mar 11 2013
Philadelphia 76ers,Brooklyn Nets,Mon Mar 11 2013
Denver Nuggets,Phoenix Suns,Mon Mar 11 2013
San Antonio Spurs,Oklahoma City Thunder,Mon Mar 11 2013
Utah Jazz,Detroit Pistons,Mon Mar 11 2013
Brooklyn Nets,New Orleans Hornets,Tue Mar 12 2013
Charlotte Bobcats,Boston Celtics,Tue Mar 12 2013
Cleveland Cavaliers,Washington Wizards,Tue Mar 12 2013
Miami Heat,Atlanta Hawks,Tue Mar 12 2013
Dallas Mavericks,Milwaukee Bucks,Tue Mar 12 2013
Minnesota Timberwolves,San Antonio Spurs,Tue Mar 12 2013
Los Angeles Lakers,Orlando Magic,Tue Mar 12 2013
Memphis Grizzlies,Portland Trail Blazers,Tue Mar 12 2013
Atlanta Hawks,Los Angeles Lakers,Wed Mar 13 2013
Boston Celtics,Toronto Raptors,Wed Mar 13 2013
Denver Nuggets,New York Knicks,Wed Mar 13 2013
Golden State Warriors,Detroit Pistons,Wed Mar 13 2013
Houston Rockets,Phoenix Suns,Wed Mar 13 2013
Indiana Pacers,Minnesota Timberwolves,Wed Mar 13 2013
Memphis Grizzlies,Los Angeles Clippers,Wed Mar 13 2013
Oklahoma City Thunder,Utah Jazz,Wed Mar 13 2013
Miami Heat,Philadelphia 76ers,Wed Mar 13 2013
Sacramento Kings,Chicago Bulls,Wed Mar 13 2013
Washington Wizards,Milwaukee Bucks,Wed Mar 13 2013
Portland Trail Blazers,New York Knicks,Thu Mar 14 2013
San Antonio Spurs,Dallas Mavericks,Thu Mar 14 2013
Atlanta Hawks,Phoenix Suns,Fri Mar 15 2013
Dallas Mavericks,Cleveland Cavaliers,Fri Mar 15 2013
Denver Nuggets,Memphis Grizzlies,Fri Mar 15 2013
Chicago Bulls,Golden State Warriors,Fri Mar 15 2013
Houston Rockets,Minnesota Timberwolves,Fri Mar 15 2013
Los Angeles Lakers,Indiana Pacers,Fri Mar 15 2013
Miami Heat,Milwaukee Bucks,Fri Mar 15 2013
Oklahoma City Thunder,Orlando Magic,Fri Mar 15 2013
Toronto Raptors,Charlotte Bobcats,Fri Mar 15 2013
Washington Wizards,New Orleans Hornets,Fri Mar 15 2013
Boston Celtics,Charlotte Bobcats,Sat Mar 16 2013
Philadelphia 76ers,Indiana Pacers,Sat Mar 16 2013
Portland Trail Blazers,Detroit Pistons,Sat Mar 16 2013
San Antonio Spurs,Cleveland Cavaliers,Sat Mar 16 2013
Utah Jazz,Memphis Grizzlies,Sat Mar 16 2013
Washington Wizards,Phoenix Suns,Sat Mar 16 2013
Atlanta Hawks,Brooklyn Nets,Sun Mar 17 2013
Oklahoma City Thunder,Dallas Mavericks,Sun Mar 17 2013
Golden State Warriors,Houston Rockets,Sun Mar 17 2013
Los Angeles Clippers,New York Knicks,Sun Mar 17 2013
Los Angeles Lakers,Sacramento Kings,Sun Mar 17 2013
Milwaukee Bucks,Orlando Magic,Sun Mar 17 2013
Minnesota Timberwolves,New Orleans Hornets,Sun Mar 17 2013
Miami Heat,Toronto Raptors,Sun Mar 17 2013
Dallas Mavericks,Atlanta Hawks,Mon Mar 18 2013
Miami Heat,Boston Celtics,Mon Mar 18 2013
Charlotte Bobcats,Washington Wizards,Mon Mar 18 2013
Denver Nuggets,Chicago Bulls,Mon Mar 18 2013
Indiana Pacers,Cleveland Cavaliers,Mon Mar 18 2013
Brooklyn Nets,Detroit Pistons,Mon Mar 18 2013
Memphis Grizzlies,Minnesota Timberwolves,Mon Mar 18 2013
Golden State Warriors,New Orleans Hornets,Mon Mar 18 2013
Philadelphia 76ers,Portland Trail Blazers,Mon Mar 18 2013
Phoenix Suns,Los Angeles Lakers,Mon Mar 18 2013
New York Knicks,Utah Jazz,Mon Mar 18 2013
Indiana Pacers,Orlando Magic,Tue Mar 19 2013
Milwaukee Bucks,Portland Trail Blazers,Tue Mar 19 2013
Denver Nuggets,Oklahoma City Thunder,Tue Mar 19 2013
Sacramento Kings,Los Angeles Clippers,Tue Mar 19 2013
Atlanta Hawks,Milwaukee Bucks,Wed Mar 20 2013
Charlotte Bobcats,Toronto Raptors,Wed Mar 20 2013
Miami Heat,Cleveland Cavaliers,Wed Mar 20 2013
Brooklyn Nets,Dallas Mavericks,Wed Mar 20 2013
Houston Rockets,Utah Jazz,Wed Mar 20 2013
Los Angeles Clippers,Philadelphia 76ers,Wed Mar 20 2013
Memphis Grizzlies,Oklahoma City Thunder,Wed Mar 20 2013
New Orleans Hornets,Boston Celtics,Wed Mar 20 2013
New York Knicks,Orlando Magic,Wed Mar 20 2013
Washington Wizards,Phoenix Suns,Wed Mar 20 2013
San Antonio Spurs,Golden State Warriors,Wed Mar 20 2013
Portland Trail Blazers,Chicago Bulls,Thu Mar 21 2013
Denver Nuggets,Philadelphia 76ers,Thu Mar 21 2013
Sacramento Kings,Minnesota Timberwolves,Thu Mar 21 2013
Portland Trail Blazers,Atlanta Hawks,Fri Mar 22 2013
Dallas Mavericks,Boston Celtics,Fri Mar 22 2013
Houston Rockets,Cleveland Cavaliers,Fri Mar 22 2013
Indiana Pacers,Milwaukee Bucks,Fri Mar 22 2013
Washington Wizards,Los Angeles Lakers,Fri Mar 22 2013
Miami Heat,Detroit Pistons,Fri Mar 22 2013
New Orleans Hornets,Memphis Grizzlies,Fri Mar 22 2013
Oklahoma City Thunder,Orlando Magic,Fri Mar 22 2013
Minnesota Timberwolves,Phoenix Suns,Fri Mar 22 2013
San Antonio Spurs,Utah Jazz,Fri Mar 22 2013
New York Knicks,Toronto Raptors,Fri Mar 22 2013
Detroit Pistons,Charlotte Bobcats,Sat Mar 23 2013
Chicago Bulls,Indiana Pacers,Sat Mar 23 2013
Denver Nuggets,Sacramento Kings,Sat Mar 23 2013
Golden State Warriors,Washington Wizards,Sat Mar 23 2013
Los Angeles Clippers,Brooklyn Nets,Sat Mar 23 2013
Memphis Grizzlies,Boston Celtics,Sat Mar 23 2013
New York Knicks,Toronto Raptors,Sat Mar 23 2013
Dallas Mavericks,Utah Jazz,Sun Mar 24 2013
Houston Rockets,San Antonio Spurs,Sun Mar 24 2013
Miami Heat,Charlotte Bobcats,Sun Mar 24 2013
Atlanta Hawks,Milwaukee Bucks,Sun Mar 24 2013
Chicago Bulls,Minnesota Timberwolves,Sun Mar 24 2013
Oklahoma City Thunder,Portland Trail Blazers,Sun Mar 24 2013
Brooklyn Nets,Phoenix Suns,Sun Mar 24 2013
Philadelphia 76ers,Sacramento Kings,Sun Mar 24 2013
Golden State Warriors,Los Angeles Lakers,Mon Mar 25 2013
Indiana Pacers,Atlanta Hawks,Mon Mar 25 2013
New Orleans Hornets,Denver Nuggets,Mon Mar 25 2013
Miami Heat,Orlando Magic,Mon Mar 25 2013
Utah Jazz,Philadelphia 76ers,Mon Mar 25 2013
Washington Wizards,Memphis Grizzlies,Mon Mar 25 2013
New York Knicks,Boston Celtics,Tue Mar 26 2013
Dallas Mavericks,Los Angeles Clippers,Tue Mar 26 2013
Minnesota Timberwolves,Detroit Pistons,Tue Mar 26 2013
Charlotte Bobcats,Orlando Magic,Wed Mar 27 2013
Chicago Bulls,Miami Heat,Wed Mar 27 2013
Boston Celtics,Cleveland Cavaliers,Wed Mar 27 2013
Sacramento Kings,Golden State Warriors,Wed Mar 27 2013
Indiana Pacers,Houston Rockets,Wed Mar 27 2013
Los Angeles Lakers,Minnesota Timberwolves,Wed Mar 27 2013
Los Angeles Clippers,New Orleans Hornets,Wed Mar 27 2013
New York Knicks,Memphis Grizzlies,Wed Mar 27 2013
Oklahoma City Thunder,Washington Wizards,Wed Mar 27 2013
Philadelphia 76ers,Milwaukee Bucks,Wed Mar 27 2013
Brooklyn Nets,Portland Trail Blazers,Wed Mar 27 2013
San Antonio Spurs,Denver Nuggets,Wed Mar 27 2013
Atlanta Hawks,Toronto Raptors,Wed Mar 27 2013
Utah Jazz,Phoenix Suns,Wed Mar 27 2013
Indiana Pacers,Dallas Mavericks,Thu Mar 28 2013
Milwaukee Bucks,Los Angeles Lakers,Thu Mar 28 2013
Sacramento Kings,Phoenix Suns,Thu Mar 28 2013
Boston Celtics,Atlanta Hawks,Fri Mar 29 2013
Philadelphia 76ers,Cleveland Cavaliers,Fri Mar 29 2013
Denver Nuggets,Brooklyn Nets,Fri Mar 29 2013
Toronto Raptors,Detroit Pistons,Fri Mar 29 2013
Memphis Grizzlies,Houston Rockets,Fri Mar 29 2013
Minnesota Timberwolves,Oklahoma City Thunder,Fri Mar 29 2013
Miami Heat,New Orleans Hornets,Fri Mar 29 2013
New York Knicks,Charlotte Bobcats,Fri Mar 29 2013
Orlando Magic,Washington Wizards,Fri Mar 29 2013
Utah Jazz,Portland Trail Blazers,Fri Mar 29 2013
San Antonio Spurs,Los Angeles Clippers,Fri Mar 29 2013
Atlanta Hawks,Orlando Magic,Sat Mar 30 2013
Dallas Mavericks,Chicago Bulls,Sat Mar 30 2013
Golden State Warriors,Portland Trail Blazers,Sat Mar 30 2013
Houston Rockets,Los Angeles Clippers,Sat Mar 30 2013
Oklahoma City Thunder,Milwaukee Bucks,Sat Mar 30 2013
Memphis Grizzlies,Minnesota Timberwolves,Sat Mar 30 2013
Philadelphia 76ers,Charlotte Bobcats,Sat Mar 30 2013
Indiana Pacers,Phoenix Suns,Sat Mar 30 2013
Los Angeles Lakers,Sacramento Kings,Sat Mar 30 2013
Utah Jazz,Brooklyn Nets,Sat Mar 30 2013
Chicago Bulls,Detroit Pistons,Sun Mar 31 2013
New Orleans Hornets,Cleveland Cavaliers,Sun Mar 31 2013
New York Knicks,Boston Celtics,Sun Mar 31 2013
Miami Heat,San Antonio Spurs,Sun Mar 31 2013
Washington Wizards,Toronto Raptors,Sun Mar 31 2013
Atlanta Hawks,Cleveland Cavaliers,Mon Apr 1 2013
Houston Rockets,Orlando Magic,Mon Apr 1 2013
Indiana Pacers,Los Angeles Clippers,Mon Apr 1 2013
Memphis Grizzlies,San Antonio Spurs,Mon Apr 1 2013
Milwaukee Bucks,Charlotte Bobcats,Mon Apr 1 2013
Minnesota Timberwolves,Boston Celtics,Mon Apr 1 2013
Detroit Pistons,Toronto Raptors,Mon Apr 1 2013
Utah Jazz,Portland Trail Blazers,Mon Apr 1 2013
Los Angeles Lakers,Dallas Mavericks,Tue Apr 2 2013
New York Knicks,Miami Heat,Tue Apr 2 2013
Washington Wizards,Chicago Bulls,Tue Apr 2 2013
New York Knicks,Atlanta Hawks,Wed Apr 3 2013
Boston Celtics,Detroit Pistons,Wed Apr 3 2013
Charlotte Bobcats,Philadelphia 76ers,Wed Apr 3 2013
Brooklyn Nets,Cleveland Cavaliers,Wed Apr 3 2013
Golden State Warriors,New Orleans Hornets,Wed Apr 3 2013
Los Angeles Clippers,Phoenix Suns,Wed Apr 3 2013
Minnesota Timberwolves,Milwaukee Bucks,Wed Apr 3 2013
Memphis Grizzlies,Portland Trail Blazers,Wed Apr 3 2013
Houston Rockets,Sacramento Kings,Wed Apr 3 2013
San Antonio Spurs,Orlando Magic,Wed Apr 3 2013
Toronto Raptors,Washington Wizards,Wed Apr 3 2013
Denver Nuggets,Utah Jazz,Wed Apr 3 2013
Chicago Bulls,Brooklyn Nets,Thu Apr 4 2013
Denver Nuggets,Dallas Mavericks,Thu Apr 4 2013
Oklahoma City Thunder,San Antonio Spurs,Thu Apr 4 2013
Philadelphia 76ers,Atlanta Hawks,Fri Apr 5 2013
Cleveland Cavaliers,Boston Celtics,Fri Apr 5 2013
Miami Heat,Charlotte Bobcats,Fri Apr 5 2013
Chicago Bulls,Orlando Magic,Fri Apr 5 2013
Oklahoma City Thunder,Indiana Pacers,Fri Apr 5 2013
Los Angeles Lakers,Memphis Grizzlies,Fri Apr 5 2013
Toronto Raptors,Minnesota Timberwolves,Fri Apr 5 2013
New York Knicks,Milwaukee Bucks,Fri Apr 5 2013
Golden State Warriors,Phoenix Suns,Fri Apr 5 2013
Houston Rockets,Portland Trail Blazers,Fri Apr 5 2013
Dallas Mavericks,Sacramento Kings,Fri Apr 5 2013
Utah Jazz,New Orleans Hornets,Fri Apr 5 2013
Brooklyn Nets,Charlotte Bobcats,Sat Apr 6 2013
Denver Nuggets,Houston Rockets,Sat Apr 6 2013
Miami Heat,Philadelphia 76ers,Sat Apr 6 2013
Milwaukee Bucks,Toronto Raptors,Sat Apr 6 2013
Minnesota Timberwolves,Detroit Pistons,Sat Apr 6 2013
San Antonio Spurs,Atlanta Hawks,Sat Apr 6 2013
Washington Wizards,Indiana Pacers,Sat Apr 6 2013
Boston Celtics,Washington Wizards,Sun Apr 7 2013
Cleveland Cavaliers,Orlando Magic,Sun Apr 7 2013
Detroit Pistons,Chicago Bulls,Sun Apr 7 2013
Utah Jazz,Golden State Warriors,Sun Apr 7 2013
Los Angeles Clippers,Los Angeles Lakers,Sun Apr 7 2013
New York Knicks,Oklahoma City Thunder,Sun Apr 7 2013
New Orleans Hornets,Phoenix Suns,Sun Apr 7 2013
Dallas Mavericks,Portland Trail Blazers,Sun Apr 7 2013
Memphis Grizzlies,Sacramento Kings,Sun Apr 7 2013
Brooklyn Nets,Philadelphia 76ers,Tue Apr 9 2013
Toronto Raptors,Chicago Bulls,Tue Apr 9 2013
Golden State Warriors,Minnesota Timberwolves,Tue Apr 9 2013
Houston Rockets,Phoenix Suns,Tue Apr 9 2013
Indiana Pacers,Cleveland Cavaliers,Tue Apr 9 2013
Los Angeles Lakers,New Orleans Hornets,Tue Apr 9 2013
Memphis Grizzlies,Charlotte Bobcats,Tue Apr 9 2013
Miami Heat,Milwaukee Bucks,Tue Apr 9 2013
New York Knicks,Washington Wizards,Tue Apr 9 2013
Oklahoma City Thunder,Utah Jazz,Tue Apr 9 2013
Brooklyn Nets,Boston Celtics,Wed Apr 10 2013
Detroit Pistons,Cleveland Cavaliers,Wed Apr 10 2013
Phoenix Suns,Dallas Mavericks,Wed Apr 10 2013
Denver Nuggets,San Antonio Spurs,Wed Apr 10 2013
Los Angeles Clippers,Minnesota Timberwolves,Wed Apr 10 2013
Orlando Magic,Milwaukee Bucks,Wed Apr 10 2013
Atlanta Hawks,Philadelphia 76ers,Wed Apr 10 2013
Los Angeles Lakers,Portland Trail Blazers,Wed Apr 10 2013
Sacramento Kings,New Orleans Hornets,Wed Apr 10 2013
Miami Heat,Washington Wizards,Wed Apr 10 2013
Chicago Bulls,New York Knicks,Thu Apr 11 2013
Oklahoma City Thunder,Golden State Warriors,Thu Apr 11 2013
Atlanta Hawks,Milwaukee Bucks,Fri Apr 12 2013
New York Knicks,Cleveland Cavaliers,Fri Apr 12 2013
Dallas Mavericks,Denver Nuggets,Fri Apr 12 2013
Detroit Pistons,Charlotte Bobcats,Fri Apr 12 2013
Memphis Grizzlies,Houston Rockets,Fri Apr 12 2013
Brooklyn Nets,Indiana Pacers,Fri Apr 12 2013
Los Angeles Lakers,Golden State Warriors,Fri Apr 12 2013
Miami Heat,Boston Celtics,Fri Apr 12 2013
Los Angeles Clippers,New Orleans Hornets,Fri Apr 12 2013
Oklahoma City Thunder,Portland Trail Blazers,Fri Apr 12 2013
San Antonio Spurs,Sacramento Kings,Fri Apr 12 2013
Toronto Raptors,Chicago Bulls,Fri Apr 12 2013
Utah Jazz,Minnesota Timberwolves,Fri Apr 12 2013
Philadelphia 76ers,Washington Wizards,Fri Apr 12 2013
Charlotte Bobcats,Milwaukee Bucks,Sat Apr 13 2013
Los Angeles Clippers,Memphis Grizzlies,Sat Apr 13 2013
Minnesota Timberwolves,Phoenix Suns,Sat Apr 13 2013
Boston Celtics,Orlando Magic,Sat Apr 13 2013
Denver Nuggets,Portland Trail Blazers,Sun Apr 14 2013
Houston Rockets,Sacramento Kings,Sun Apr 14 2013
Los Angeles Lakers,San Antonio Spurs,Sun Apr 14 2013
Miami Heat,Chicago Bulls,Sun Apr 14 2013
Dallas Mavericks,New Orleans Hornets,Sun Apr 14 2013
New York Knicks,Indiana Pacers,Sun Apr 14 2013
Philadelphia 76ers,Cleveland Cavaliers,Sun Apr 14 2013
Toronto Raptors,Brooklyn Nets,Sun Apr 14 2013
Brooklyn Nets,Washington Wizards,Mon Apr 15 2013
Charlotte Bobcats,New York Knicks,Mon Apr 15 2013
Miami Heat,Cleveland Cavaliers,Mon Apr 15 2013
Memphis Grizzlies,Dallas Mavericks,Mon Apr 15 2013
Detroit Pistons,Philadelphia 76ers,Mon Apr 15 2013
Golden State Warriors,San Antonio Spurs,Mon Apr 15 2013
Denver Nuggets,Milwaukee Bucks,Mon Apr 15 2013
Utah Jazz,Minnesota Timberwolves,Mon Apr 15 2013
Oklahoma City Thunder,Sacramento Kings,Mon Apr 15 2013
Chicago Bulls,Orlando Magic,Mon Apr 15 2013
Phoenix Suns,Houston Rockets,Mon Apr 15 2013
Toronto Raptors,Atlanta Hawks,Tue Apr 16 2013
Los Angeles Clippers,Portland Trail Blazers,Tue Apr 16 2013
Brooklyn Nets,Detroit Pistons,Wed Apr 17 2013
Charlotte Bobcats,Cleveland Cavaliers,Wed Apr 17 2013
Chicago Bulls,Washington Wizards,Wed Apr 17 2013
Dallas Mavericks,New Orleans Hornets,Wed Apr 17 2013
Denver Nuggets,Phoenix Suns,Wed Apr 17 2013
Philadelphia 76ers,Indiana Pacers,Wed Apr 17 2013
Los Angeles Lakers,Houston Rockets,Wed Apr 17 2013
Memphis Grizzlies,Utah Jazz,Wed Apr 17 2013
Miami Heat,Orlando Magic,Wed Apr 17 2013
New York Knicks,Atlanta Hawks,Wed Apr 17 2013
Milwaukee Bucks,Oklahoma City Thunder,Wed Apr 17 2013
Golden State Warriors,Portland Trail Blazers,Wed Apr 17 2013
Los Angeles Clippers,Sacramento Kings,Wed Apr 17 2013
Minnesota Timberwolves,San Antonio Spurs,Wed Apr 17 2013
Toronto Raptors,Boston Celtics,Wed Apr 17 2013
